product,url
Kabel sieciowy Hama 200925 Cat.6 10 m,https://www.euro.com.pl/kable-i-adaptery-komputerowe/hama-200925-cat-6-f-utp-1-gbit-s-10m-szary.bhtml
Kabel sieciowy Hama 200925 Cat.6 10 m,https://www.mediaexpert.pl/komputery-i-tablety/kable-do-komputera/kable-ethernet/kabel-rj45-rj45-hama-200925-10-m
Kabel sieciowy Hama 200925 Cat.6 10 m,https://mediamarkt.pl/pl/product/_kabel-sieciowy-hama-cat-6-1-gbits-futp-ekranowany-10m-1441194.html
Etui Apple Silicone Case iPhone 16e białe,https://www.euro.com.pl/etui-do-telefonow/apple-silicone-case-do-iphone-16e-bialy.bhtml
Etui Apple Silicone Case iPhone 16e białe,https://www.mediaexpert.pl/smartfony-i-zegarki/akcesoria-do-telefonow/pokrowce-i-etui/etui-apple-silicone-case-do-iphone-16e-bialy
Etui Apple Silicone Case iPhone 16e białe,https://mediamarkt.pl/pl/product/_silikonowe-etui-apple-do-iphonea-16e-bialy-1489950.html
Apple iPhone 17 Pro Max 1 TB srebrny,https://www.euro.com.pl/telefony-komorkowe/apple-iphone-17-pro-max-1tb-srebrny.bhtml
Apple iPhone 17 Pro Max 1 TB srebrny,https://mediamarkt.pl/pl/product/_smartfon-apple-iphone-17-pro-max-1-tb-srebrny-mfyv4hxa-1498162.html
Głośnik Xiaomi Sound Outdoor 30 W niebieski,https://www.euro.com.pl/glosniki-przenosne/xiaomi-glosnik-sound-outdoor-niebieski.bhtml
Głośnik Xiaomi Sound Outdoor 30 W niebieski,https://mediamarkt.pl/pl/product/_niebieski-xiaomi-xiaomi-sound-outdoor-30w-glosnik-bezprzewodowy-1494485.html
Router ASUS TUF Gaming AX3000 V2,https://www.euro.com.pl/routery/asus-router-asus-tuf-ax3000-v2.bhtml
Router ASUS TUF Gaming AX3000 V2,https://www.mediaexpert.pl/komputery-i-tablety/urzadzenia-sieciowe/routery/router-asus-tuf-ax3000-v2
Router ASUS TUF Gaming AX3000 V2,https://mediamarkt.pl/pl/product/_router-asus-tuf-ax3000-v2-1469486.html
Apple iPhone 16 Plus 128 GB ultramaryna,https://www.euro.com.pl/telefony-komorkowe/apple-iphone-16-plus-128gb-6-7-48mpix-utramaryna.bhtml
Apple iPhone 16 Plus 128 GB ultramaryna,https://www.mediaexpert.pl/smartfony-i-zegarki/smartfony/smartfon-apple-iphone-16-plus-5g-ultramarine-128gb
Apple iPhone 16 Plus 128 GB ultramaryna,https://mediamarkt.pl/pl/product/_smartphones-apple-iphone-16-plus-5g128-gb-niebieski-146562696.html
Zestaw garnków Zwieger Kompact 6 el.,https://www.euro.com.pl/garnki/zwieger-kompact-6-elementow.bhtml
Zestaw garnków Zwieger Kompact 6 el.,https://mediamarkt.pl/pl/product/_zestaw-garnkow-zwieger-kompact-6-elementow-1458310.html
Słuchawki Sony MDR-ZX110AP różowe,https://www.euro.com.pl/sluchawki/sony-mdr-zx110pa-rozowe.bhtml
Słuchawki Sony MDR-ZX110AP różowe,https://mediamarkt.pl/pl/product/_sluchawki-sony-mdr-zx110ap-android-rozowy-1250936.html
Słuchawki Sony MDR-ZX110AP różowe,https://www.mediaexpert.pl/telewizory-i-rtv/sluchawki/wszystkie-sluchawki/sluchawki-sony-mdrzx110app-nauszne-z-mikrofonem-rozowe
Pralka Samsung Bespoke WW11DB7B34GWU4 11 kg,https://www.euro.com.pl/pralki/samsung-ww11db7b34gwu4-11kg-1400obr-min.bhtml
Pralka Samsung Bespoke WW11DB7B34GWU4 11 kg,https://mediamarkt.pl/pl/product/_pralka-bespoke-ai-samsung-ww11db7b34gwu4-11kg-1400-obr-spacemax-ai-ecobubble-1481959.html
Pralka Samsung Bespoke WW11DB7B34GWU4 11 kg,https://www.mediaexpert.pl/agd/pralki-i-suszarki/pralki/pralka-samsung-bespoke-ww11db7b34gw-ecobubble-11kg-1400-obr
Słuchawki Philips TAH4209WT/00 białe,https://www.euro.com.pl/sluchawki/philips-tah4209wt-00-nauszne-bluetooth-5-3-bialy.bhtml
Słuchawki Philips TAH4209WT/00 białe,https://mediamarkt.pl/pl/product/_sluchawki-bezprzewodowe-philips-tah4209wt00-bialy-1483459.html
Słuchawki Philips TAH4209WT/00 białe,https://www.mediaexpert.pl/telewizory-i-rtv/sluchawki/wszystkie-sluchawki/sluchawki-nauszne-philips-tah4209wt-00-bialy
Etui z klawiaturą Logitech Combo Touch iPad Pro 13 M4,https://www.euro.com.pl/etui-do-ipada-i-tabletow-multimedialnych/logitech-combo-ipad-pro-13-m4-us-szary.bhtml
Etui z klawiaturą Logitech Combo Touch iPad Pro 13 M4,https://www.mediaexpert.pl/komputery-i-tablety/tablety-i-e-booki/etui-do-tabletow-i-e-bookow/etui-na-ipad-pro-logitech-combo-touch-szary-klawiatura
Etui z klawiaturą Logitech Combo Touch iPad Pro 13 M4,https://mediamarkt.pl/pl/product/_etui-z-klawiatura-logitech-combo-touch-do-apple-ipad-pro-13-m4-szary-1483342.html
Podkładka Corsair MM200 PRO XL,https://www.euro.com.pl/podkladki-pod-mysz/corsair-podkladka-corsair-mm200-pro-xl.bhtml
Podkładka Corsair MM200 PRO XL,https://mediamarkt.pl/pl/product/_podkladka-pod-mysz-corsair-mm200-pro-xl-1469994.html
Podkładka Corsair MM200 PRO XL,https://www.mediaexpert.pl/komputery-i-tablety/myszy-komputerowe/podkladki/podkladka-corsair-mm200-pro
Głośnik JBL Xtreme 5 moro,https://www.euro.com.pl/glosniki-przenosne/jbl-glosnik-bt-xtreme-5-moro.bhtml
Głośnik JBL Xtreme 5 moro,https://www.mediaexpert.pl/telewizory-i-rtv/hi-fi-audio/glosniki-mobilne/glosnik-mobilny-jbl-xtreme-5-moro
Głośnik JBL Xtreme 5 moro,https://mediamarkt.pl/pl/product/_glosnik-bluetooth-jbl-xtreme-5-squad-1503496.html
Głośnik JBL GO 5 niebieski,https://www.euro.com.pl/glosniki-przenosne/jbl-glosnik-bt-go-5-niebieski.bhtml
Głośnik JBL GO 5 niebieski,https://mediamarkt.pl/pl/product/_glosnik-bluetooth-jbl-go-5-niebieski-1503331.html
Głośnik JBL GO 5 niebieski,https://www.mediaexpert.pl/telewizory-i-rtv/hi-fi-audio/glosniki-mobilne/glosnik-mobilny-jbl-go-5-niebieski
Apple iPhone 17e 256 GB biały,https://www.euro.com.pl/telefony-komorkowe/apple-iphone-17e-256gb-6-1-48mpix-bialy.bhtml
Apple iPhone 17e 256 GB biały,https://www.mediaexpert.pl/smartfony-i-zegarki/smartfony/smartfon-apple-iphone-17e-white-256gb
Apple iPhone 17e 256 GB biały,https://mediamarkt.pl/pl/product/_smartfon-apple-iphone-17e-5g-256-gb-bialy-1503089.html
