timestamp,shop,title,part_no,price,sale_price,availability,url
2026-09-23T09:44:11+00:00,Media Expert,TCL 65A400U 65” QD-Mini LED 4K 288 Hz Google TV Dolby Atmos Dolby Vision HDMI 2.1 Telewizor - niskie ceny i opinie w Media Expert,2127274,4899.00,4498.98,available,https://www.mediaexpert.pl/telewizory-i-rtv/telewizory/telewizor-tcl-65a400u-65-qd-mini-led-4k-144-hz-vrr-google-tv-dolby-atmos-dolby-vision-hdmi-2-1
2026-09-23T10:59:17+00:00,Media Expert,TCL 65A400U 65” QD-Mini LED 4K 288 Hz Google TV Dolby Atmos Dolby Vision HDMI 2.1 Telewizor,2127274,4899.00,4498.98,available,https://www.mediaexpert.pl/telewizory-i-rtv/telewizory/telewizor-tcl-65a400u-65-qd-mini-led-4k-144-hz-vrr-google-tv-dolby-atmos-dolby-vision-hdmi-2-1
2026-09-23T10:59:17+00:00,RTV Euro AGD,"Telewizor LG OLED65C54LA 65"" OLED evo AI 4K 144Hz webOS Dolby Vision Dolby Atmos HDMI 2.1 DVB-T2",1350660,6499.00,,available,https://www.euro.com.pl/telewizory-led-lcd-plazmowe/lg-telewizor-oled65c54la.bhtml
2026-09-23T10:59:17+00:00,RTV Euro AGD,"Telewizor Samsung QE55QN80FAU 55"" Neo QLED 4K 144Hz Vision AI Tizen Dolby Atmos HDMI 2.1 DVB-T2",1351081,3799.00,,available,https://www.euro.com.pl/telewizory-led-lcd-plazmowe/samsung-qe55qn80fau.bhtml
2026-09-23T10:59:17+00:00,RTV Euro AGD,"Apple iPhone 18 Pro 256GB Funkcje AI 6,3"" 120Hz 48Mpix Czarny",1423814,6299.00,,available,https://www.euro.com.pl/telefony-komorkowe/apple-iphone-18-pro-256gb-czarny.bhtml
2026-09-23T11:00:02+00:00,Media Expert,TCL 65A400U 65” QD-Mini LED 4K 288 Hz Google TV Dolby Atmos Dolby Vision HDMI 2.1 Telewizor,2127274,4899.00,4498.98,available,https://www.mediaexpert.pl/telewizory-i-rtv/telewizory/telewizor-tcl-65a400u-65-qd-mini-led-4k-144-hz-vrr-google-tv-dolby-atmos-dolby-vision-hdmi-2-1
2026-09-23T11:00:02+00:00,RTV Euro AGD,"Telewizor LG OLED65C54LA 65"" OLED evo AI 4K 144Hz webOS Dolby Vision Dolby Atmos HDMI 2.1 DVB-T2",1350660,6499.00,,available,https://www.euro.com.pl/telewizory-led-lcd-plazmowe/lg-telewizor-oled65c54la.bhtml
2026-09-23T11:00:02+00:00,RTV Euro AGD,"Telewizor Samsung QE55QN80FAU 55"" Neo QLED 4K 144Hz Vision AI Tizen Dolby Atmos HDMI 2.1 DVB-T2",1351081,3799.00,,available,https://www.euro.com.pl/telewizory-led-lcd-plazmowe/samsung-qe55qn80fau.bhtml
2026-09-23T11:00:02+00:00,RTV Euro AGD,"Apple iPhone 18 Pro 256GB Funkcje AI 6,3"" 120Hz 48Mpix Czarny",1423814,6299.00,,available,https://www.euro.com.pl/telefony-komorkowe/apple-iphone-18-pro-256gb-czarny.bhtml
